{"v":"5.5.9","fr":25,"ip":0,"op":60,"w":40,"h":40,"nm":"ic_archive_select","ddd":0,"assets":[],"layers":[{"ddd":0,"ind":1,"ty":4,"nm":"“图层 9”轮廓","sr":1,"ks":{"o":{"a":0,"k":100,"ix":11},"r":{"a":0,"k":0,"ix":10},"p":{"a":1,"k":[{"i":{"x":0.667,"y":1},"o":{"x":0.333,"y":0},"t":5,"s":[20,10.686,0],"to":[0,-0.664,0],"ti":[0,0.248,0]},{"i":{"x":0.667,"y":1},"o":{"x":0.333,"y":0},"t":15,"s":[20,6.7,0],"to":[0,-0.248,0],"ti":[0,0,0]},{"i":{"x":0.667,"y":1},"o":{"x":0.333,"y":0},"t":25,"s":[20,9.2,0],"to":[0,0,0],"ti":[0,-0.248,0]},{"i":{"x":0.667,"y":1},"o":{"x":0.333,"y":0},"t":35,"s":[20,6.7,0],"to":[0,0.248,0],"ti":[0,-0.664,0]},{"t":45,"s":[20,10.686,0]}],"ix":2},"a":{"a":0,"k":[5.372,5.936,0],"ix":1},"s":{"a":0,"k":[100,100,100],"ix":6}},"ao":0,"shapes":[{"ty":"gr","it":[{"ind":0,"ty":"sh","ix":1,"ks":{"a":0,"k":{"i":[[0,0],[0,0],[0.488,-0.488],[-0.488,-0.488],[0,0],[-0.488,0.489],[0,0],[0.488,0.488],[0.488,-0.488]],"o":[[0,0],[-0.488,-0.488],[-0.488,0.488],[0,0],[0.488,0.489],[0,0],[0.488,-0.488],[-0.488,-0.488],[0,0]],"v":[[0,0.107],[-2.866,-2.759],[-4.634,-2.759],[-4.634,-0.992],[-0.884,2.758],[0.884,2.758],[4.634,-0.992],[4.634,-2.759],[2.866,-2.759]],"c":true},"ix":2},"nm":"路径 1","mn":"ADBE Vector Shape - Group","hd":false},{"ty":"fl","c":{"a":0,"k":[1,0.568627476692,0.254901975393,1],"ix":4},"o":{"a":0,"k":100,"ix":5},"r":1,"bm":0,"nm":"填充 1","mn":"ADBE Vector Graphic - Fill","hd":false},{"ty":"tr","p":{"a":0,"k":[5.372,8.375],"ix":2},"a":{"a":0,"k":[0,0],"ix":1},"s":{"a":0,"k":[100,100],"ix":3},"r":{"a":0,"k":0,"ix":6},"o":{"a":0,"k":100,"ix":7},"sk":{"a":0,"k":0,"ix":4},"sa":{"a":0,"k":0,"ix":5},"nm":"变换"}],"nm":"组 1","np":4,"cix":2,"bm":0,"ix":1,"mn":"ADBE Vector Group","hd":false},{"ty":"gr","it":[{"ind":0,"ty":"sh","ix":1,"ks":{"a":0,"k":{"i":[[-0.69,0],[0,0],[0,-0.69],[0,0],[0.69,0],[0,0.69],[0,0]],"o":[[0,0],[0.69,0],[0,0],[0,0.69],[-0.69,0],[0,0],[0,-0.69]],"v":[[0,-4.375],[0,-4.375],[1.25,-3.125],[1.25,3.125],[0,4.375],[-1.25,3.125],[-1.25,-3.125]],"c":true},"ix":2},"nm":"路径 1","mn":"ADBE Vector Shape - Group","hd":false},{"ty":"fl","c":{"a":0,"k":[1,0.568627476692,0.254901975393,1],"ix":4},"o":{"a":0,"k":100,"ix":5},"r":1,"bm":0,"nm":"填充 1","mn":"ADBE Vector Graphic - Fill","hd":false},{"ty":"tr","p":{"a":0,"k":[5.372,4.625],"ix":2},"a":{"a":0,"k":[0,0],"ix":1},"s":{"a":0,"k":[100,100],"ix":3},"r":{"a":0,"k":0,"ix":6},"o":{"a":0,"k":100,"ix":7},"sk":{"a":0,"k":0,"ix":4},"sa":{"a":0,"k":0,"ix":5},"nm":"变换"}],"nm":"组 2","np":4,"cix":2,"bm":0,"ix":2,"mn":"ADBE Vector Group","hd":false}],"ip":0,"op":750,"st":0,"bm":0},{"ddd":0,"ind":2,"ty":4,"nm":"“图层 8”轮廓","sr":1,"ks":{"o":{"a":0,"k":100,"ix":11},"r":{"a":0,"k":0,"ix":10},"p":{"a":1,"k":[{"i":{"x":0.667,"y":1},"o":{"x":0.333,"y":0},"t":5,"s":[20.001,29.348,0],"to":[0,0.659,0],"ti":[0,-0.242,0]},{"i":{"x":0.667,"y":1},"o":{"x":0.333,"y":0},"t":15,"s":[20.001,33.3,0],"to":[0,0.242,0],"ti":[0,0,0]},{"i":{"x":0.667,"y":1},"o":{"x":0.333,"y":0},"t":25,"s":[20.001,30.8,0],"to":[0,0,0],"ti":[0,0.242,0]},{"i":{"x":0.667,"y":1},"o":{"x":0.333,"y":0},"t":35,"s":[20.001,33.3,0],"to":[0,-0.242,0],"ti":[0,0.659,0]},{"t":45,"s":[20.001,29.348,0]}],"ix":2},"a":{"a":0,"k":[5.303,5.902,0],"ix":1},"s":{"a":0,"k":[100,100,100],"ix":6}},"ao":0,"shapes":[{"ty":"gr","it":[{"ind":0,"ty":"sh","ix":1,"ks":{"a":0,"k":{"i":[[0,0],[-0.464,0.464],[0.464,0.464],[0,0],[0.464,-0.464],[0,0],[-0.463,-0.464],[-0.464,0.464],[0,0]],"o":[[0.464,0.464],[0.464,-0.464],[0,0],[-0.464,-0.464],[0,0],[-0.463,0.464],[0.464,0.464],[0,0],[0,0]],"v":[[2.91,2.715],[4.589,2.715],[4.589,1.035],[0.839,-2.715],[-0.84,-2.715],[-4.59,1.035],[-4.59,2.715],[-2.911,2.715],[-0.001,-0.195]],"c":true},"ix":2},"nm":"路径 1","mn":"ADBE Vector Shape - Group","hd":false},{"ty":"fl","c":{"a":0,"k":[1,0.568627476692,0.254901975393,1],"ix":4},"o":{"a":0,"k":100,"ix":5},"r":1,"bm":0,"nm":"填充 1","mn":"ADBE Vector Graphic - Fill","hd":false},{"ty":"tr","p":{"a":0,"k":[5.303,3.429],"ix":2},"a":{"a":0,"k":[0,0],"ix":1},"s":{"a":0,"k":[100,100],"ix":3},"r":{"a":0,"k":0,"ix":6},"o":{"a":0,"k":100,"ix":7},"sk":{"a":0,"k":0,"ix":4},"sa":{"a":0,"k":0,"ix":5},"nm":"变换"}],"nm":"组 1","np":4,"cix":2,"bm":0,"ix":1,"mn":"ADBE Vector Group","hd":false},{"ty":"gr","it":[{"ind":0,"ty":"sh","ix":1,"ks":{"a":0,"k":{"i":[[-0.69,0],[0,0],[0,-0.69],[0,0],[0.69,0],[0,0.69],[0,0]],"o":[[0,0],[0.69,0],[0,0],[0,0.69],[-0.69,0],[0,0],[0,-0.69]],"v":[[0,-4.375],[0,-4.375],[1.25,-3.125],[1.25,3.125],[0,4.375],[-1.25,3.125],[-1.25,-3.125]],"c":true},"ix":2},"nm":"路径 1","mn":"ADBE Vector Shape - Group","hd":false},{"ty":"fl","c":{"a":0,"k":[1,0.568627476692,0.254901975393,1],"ix":4},"o":{"a":0,"k":100,"ix":5},"r":1,"bm":0,"nm":"填充 1","mn":"ADBE Vector Graphic - Fill","hd":false},{"ty":"tr","p":{"a":0,"k":[5.303,7.179],"ix":2},"a":{"a":0,"k":[0,0],"ix":1},"s":{"a":0,"k":[100,100],"ix":3},"r":{"a":0,"k":0,"ix":6},"o":{"a":0,"k":100,"ix":7},"sk":{"a":0,"k":0,"ix":4},"sa":{"a":0,"k":0,"ix":5},"nm":"变换"}],"nm":"组 2","np":4,"cix":2,"bm":0,"ix":2,"mn":"ADBE Vector Group","hd":false}],"ip":0,"op":750,"st":0,"bm":0},{"ddd":0,"ind":3,"ty":4,"nm":"“图层 7”轮廓","sr":1,"ks":{"o":{"a":0,"k":100,"ix":11},"r":{"a":0,"k":0,"ix":10},"p":{"a":0,"k":[20.001,20.062,0],"ix":2},"a":{"a":0,"k":[7.75,1.562,0],"ix":1},"s":{"a":0,"k":[100,100,100],"ix":6}},"ao":0,"shapes":[{"ty":"gr","it":[{"ind":0,"ty":"sh","ix":1,"ks":{"a":1,"k":[{"i":{"x":0.667,"y":1},"o":{"x":0.333,"y":0},"t":5,"s":[{"i":[[-0.725,0],[0,0],[0,-0.725],[0.725,0],[0,0],[0,0.726]],"o":[[0,0],[0.725,0],[0,0.726],[0,0],[-0.725,0],[0,-0.725]],"v":[[-6.188,-1.312],[6.187,-1.312],[7.5,-0.001],[6.187,1.312],[-6.188,1.312],[-7.5,-0.001]],"c":true}]},{"i":{"x":0.667,"y":1},"o":{"x":0.333,"y":0},"t":15,"s":[{"i":[[-0.725,0],[0,0],[0,-0.725],[0.725,0],[0,0],[0,0.726]],"o":[[0,0],[0.725,0],[0,0.726],[0,0],[-0.725,0],[0,-0.725]],"v":[[-8.563,-1.313],[8.624,-1.313],[9.938,-0.001],[8.624,1.312],[-8.563,1.312],[-9.875,-0.001]],"c":true}]},{"i":{"x":0.667,"y":1},"o":{"x":0.333,"y":0},"t":25,"s":[{"i":[[-0.725,0],[0,0],[0,-0.725],[0.725,0],[0,0],[0,0.726]],"o":[[0,0],[0.725,0],[0,0.726],[0,0],[-0.725,0],[0,-0.725]],"v":[[-6.188,-1.312],[6.187,-1.312],[7.5,-0.001],[6.187,1.312],[-6.188,1.312],[-7.5,-0.001]],"c":true}]},{"i":{"x":0.667,"y":1},"o":{"x":0.333,"y":0},"t":35,"s":[{"i":[[-0.725,0],[0,0],[0,-0.725],[0.725,0],[0,0],[0,0.726]],"o":[[0,0],[0.725,0],[0,0.726],[0,0],[-0.725,0],[0,-0.725]],"v":[[-8.563,-1.313],[8.624,-1.313],[9.938,-0.001],[8.624,1.312],[-8.563,1.312],[-9.875,-0.001]],"c":true}]},{"t":45,"s":[{"i":[[-0.725,0],[0,0],[0,-0.725],[0.725,0],[0,0],[0,0.726]],"o":[[0,0],[0.725,0],[0,0.726],[0,0],[-0.725,0],[0,-0.725]],"v":[[-6.188,-1.312],[6.187,-1.312],[7.5,-0.001],[6.187,1.312],[-6.188,1.312],[-7.5,-0.001]],"c":true}]}],"ix":2},"nm":"路径 1","mn":"ADBE Vector Shape - Group","hd":false},{"ty":"fl","c":{"a":0,"k":[1,0.937254905701,0.89411765337,1],"ix":4},"o":{"a":0,"k":100,"ix":5},"r":1,"bm":0,"nm":"填充 1","mn":"ADBE Vector Graphic - Fill","hd":false},{"ty":"tr","p":{"a":0,"k":[7.75,1.562],"ix":2},"a":{"a":0,"k":[0,0],"ix":1},"s":{"a":0,"k":[100,100],"ix":3},"r":{"a":0,"k":0,"ix":6},"o":{"a":0,"k":100,"ix":7},"sk":{"a":0,"k":0,"ix":4},"sa":{"a":0,"k":0,"ix":5},"nm":"变换"}],"nm":"组 1","np":4,"cix":2,"bm":0,"ix":1,"mn":"ADBE Vector Group","hd":false}],"ip":0,"op":750,"st":0,"bm":0},{"ddd":0,"ind":4,"ty":4,"nm":"“图层 6”轮廓","sr":1,"ks":{"o":{"a":0,"k":100,"ix":11},"r":{"a":0,"k":0,"ix":10},"p":{"a":1,"k":[{"i":{"x":0.667,"y":1},"o":{"x":0.333,"y":0},"t":0,"s":[30.625,20,0],"to":[0.5,0,0],"ti":[-0.5,0,0]},{"i":{"x":0.667,"y":0.667},"o":{"x":0.333,"y":0.333},"t":5,"s":[33.625,20,0],"to":[0,0,0],"ti":[0,0,0]},{"i":{"x":0.667,"y":1},"o":{"x":0.333,"y":0},"t":45,"s":[33.625,20,0],"to":[-0.5,0,0],"ti":[0.5,0,0]},{"t":50,"s":[30.625,20,0]}],"ix":2},"a":{"a":0,"k":[5.875,14,0],"ix":1},"s":{"a":0,"k":[100,100,100],"ix":6}},"ao":0,"shapes":[{"ty":"gr","it":[{"ind":0,"ty":"sh","ix":1,"ks":{"a":0,"k":{"i":[[-0.69,0],[0,0],[0,-0.69],[0,0],[0.69,0],[0,0],[0,-0.69],[-0.69,0],[0,0],[0,2.071],[0,0],[2.071,0],[0,0],[0,-0.69]],"o":[[0,0],[0.69,0],[0,0],[0,0.69],[0,0],[-0.69,0],[0,0.69],[0,0],[2.071,0],[0,0],[0,-2.071],[0,0],[-0.69,0],[0,0.69]],"v":[[-4.375,-11.25],[1.875,-11.25],[3.125,-10],[3.125,10],[1.875,11.25],[-4.375,11.25],[-5.625,12.5],[-4.375,13.75],[1.875,13.75],[5.625,10],[5.625,-10],[1.875,-13.75],[-4.375,-13.75],[-5.625,-12.5]],"c":true},"ix":2},"nm":"路径 1","mn":"ADBE Vector Shape - Group","hd":false},{"ty":"fl","c":{"a":0,"k":[1,0.937254905701,0.89411765337,1],"ix":4},"o":{"a":0,"k":100,"ix":5},"r":1,"bm":0,"nm":"填充 1","mn":"ADBE Vector Graphic - Fill","hd":false},{"ty":"tr","p":{"a":0,"k":[5.875,14],"ix":2},"a":{"a":0,"k":[0,0],"ix":1},"s":{"a":0,"k":[100,100],"ix":3},"r":{"a":0,"k":0,"ix":6},"o":{"a":0,"k":100,"ix":7},"sk":{"a":0,"k":0,"ix":4},"sa":{"a":0,"k":0,"ix":5},"nm":"变换"}],"nm":"组 1","np":4,"cix":2,"bm":0,"ix":1,"mn":"ADBE Vector Group","hd":false}],"ip":0,"op":750,"st":0,"bm":0},{"ddd":0,"ind":5,"ty":4,"nm":"“图层 5”轮廓","sr":1,"ks":{"o":{"a":0,"k":100,"ix":11},"r":{"a":0,"k":0,"ix":10},"p":{"a":1,"k":[{"i":{"x":0.667,"y":1},"o":{"x":0.333,"y":0},"t":0,"s":[9.375,20,0],"to":[-0.5,0,0],"ti":[0.5,0,0]},{"i":{"x":0.667,"y":0.667},"o":{"x":0.333,"y":0.333},"t":5,"s":[6.375,20,0],"to":[0,0,0],"ti":[0,0,0]},{"i":{"x":0.667,"y":1},"o":{"x":0.333,"y":0},"t":45,"s":[6.375,20,0],"to":[0.5,0,0],"ti":[-0.5,0,0]},{"t":50,"s":[9.375,20,0]}],"ix":2},"a":{"a":0,"k":[5.875,14,0],"ix":1},"s":{"a":0,"k":[100,100,100],"ix":6}},"ao":0,"shapes":[{"ty":"gr","it":[{"ind":0,"ty":"sh","ix":1,"ks":{"a":0,"k":{"i":[[0.69,0],[0,0],[0,-2.071],[0,0],[-2.071,0],[0,0],[0,0.69],[0.69,0],[0,0],[0,0.69],[0,0],[-0.69,0],[0,0],[0,0.69]],"o":[[0,0],[-2.071,0],[0,0],[0,2.071],[0,0],[0.69,0],[0,-0.69],[0,0],[-0.69,0],[0,0],[0,-0.69],[0,0],[0.69,0],[0,-0.69]],"v":[[4.375,-13.75],[-1.875,-13.75],[-5.625,-10],[-5.625,10],[-1.875,13.75],[4.375,13.75],[5.625,12.5],[4.375,11.25],[-1.875,11.25],[-3.125,10],[-3.125,-10],[-1.875,-11.25],[4.375,-11.25],[5.625,-12.5]],"c":true},"ix":2},"nm":"路径 1","mn":"ADBE Vector Shape - Group","hd":false},{"ty":"fl","c":{"a":0,"k":[1,0.937254905701,0.89411765337,1],"ix":4},"o":{"a":0,"k":100,"ix":5},"r":1,"bm":0,"nm":"填充 1","mn":"ADBE Vector Graphic - Fill","hd":false},{"ty":"tr","p":{"a":0,"k":[5.875,14],"ix":2},"a":{"a":0,"k":[0,0],"ix":1},"s":{"a":0,"k":[100,100],"ix":3},"r":{"a":0,"k":0,"ix":6},"o":{"a":0,"k":100,"ix":7},"sk":{"a":0,"k":0,"ix":4},"sa":{"a":0,"k":0,"ix":5},"nm":"变换"}],"nm":"组 1","np":4,"cix":2,"bm":0,"ix":1,"mn":"ADBE Vector Group","hd":false}],"ip":0,"op":750,"st":0,"bm":0}],"markers":[]}